EmployeeID1,EmployeeID2,EmployeeID3,EmployeeID4,FirstName,LastName,Email,Role,ApproverEmail
,,,,jia,,autom4@yopmail.com,,
,,,,tia,,autom5@yopmail.com,,
,,,,dia,,autom6@yopmail.com,,
,,,,sia,,autom7@yopmail.com,,
,,,,kia,,autom8@yopmail.com,,
,,,,ria,,autom9@yopmail.com,,
,,,,tom,,autom10@yopmail.com,,
,,,,jon,,autom11@yopmail.com,,
,,,,ron,,autom12@yopmail.com,,
,,,,tim,,autom13@yopmail.com,,
,,,,jim,,autom14@yopmail.com,,
,,,,kim,,autom15@yopmail.com,,
,,,,lili,,autom16@yopmail.com,,
,,,,kyle,,autom17@yopmail.com,,
,,,,harry,,autom18@yopmail.com,,
,,,,jenna,,autom19@yopmail.com,,
,,,,harvey,,autom20@yopmail.com,,
,,,,mike,,autom21@yopmail.com,,
,,,,ross,,autom22@yopmail.com,,
